Date-of-Decision,Fine-Amount,
17/07/2018,"4,800",
27/09/2018,2018,
25/10/2018,300,
21/11/2018,"2,200",
04/12/2018,"2,000",
09/12/2018,500,
17/12/2018,"27,100",
18/12/2018,500,
20/12/2018,500,
10/01/2019,2019,
17/01/2019,2019,
21/01/2019,388,
04/02/2019,"1,165",
04/02/2019,582,
05/02/2019,"1,165",
05/02/2019,388,
08/02/2019,776,
18/02/2019,"10,000",
20/02/2019,"3,140",
22/02/2019,194,
26/02/2019,2019,
26/02/2019,"13,450",
28/02/2019,"50,000,000",
28/02/2019,"400,000",
04/03/2019,"20,000",
19/03/2019,"5,000",
21/03/2019,"80,000",
25/03/2019,"2,500",
26/03/2019,2018,
26/03/2019,118,
05/04/2019,2018,
05/04/2019,"50,000",
08/04/2019,"1,560",
12/04/2019,"1,560",
17/04/2019,"3,200",
17/04/2019,"3,200",
25/04/2019,"3,200",
29/04/2019,"34,375",
06/05/2019,"50,000",
09/05/2019,"61,500",
16/05/2019,"5,000",
21/05/2019,"170,000",
23/05/2019,"220,000",
28/05/2019,"12,950",
28/05/2019,"400,000",
31/05/2019,"5,000",
03/06/2019,"250,000",
11/06/2019,"60,000",
12/06/2019,"27,000",
13/06/2019,"1,400",
18/06/2019,"20,000",
25/06/2019,"9,400",
26/06/2019,"1,900",
26/06/2019,510,
27/06/2019,"5,100",
02/07/2019,"60,000",
05/07/2019,"130,000",
17/07/2019,"22,046,000",
25/07/2019,"15,000",
30/07/2019,"20,450,000",
02/08/2019,"92,146",
05/08/2019,"3,000",
08/08/2019,"350,000",
16/08/2019,"180,000",
20/08/2019,"150,000",
26/08/2019,"2,500",
28/08/2019,"18,630",
28/08/2019,"25,000",
03/09/2019,"11,000",
03/09/2019,"60,000",
03/09/2019,"2,600,000",
03/09/2019,"511,000",
03/09/2019,"7,000",
10/09/2019,"15,150",
17/09/2019,"120,000",
19/09/2019,"20,000",
26/09/2019,"2,000",
01/10/2019,"195,407",
04/10/2019,"660,000",
07/10/2019,"10,000",
07/10/2019,"9,600",
07/10/2019,"200,000",
08/10/2019,"200,000",
08/10/2019,"15,000",
09/10/2019,"20,000",
09/10/2019,"30,000",
15/10/2019,2019,
16/10/2019,"9,000",
16/10/2019,,
16/10/2019,,
17/10/2019,,
18/10/2019,,
18/10/2019,"60,000",
23/10/2019,"8,000",
24/10/2019,"40,000",
24/10/2019,"16,000,000",
25/10/2019,"9,380",
25/10/2019,,
25/10/2019,,
25/10/2019,"36,000",
28/10/2019,2019,
29/10/2019,"47,000",
30/10/2019,900,
31/10/2019,"12,000",
31/10/2019,900,
31/10/2019,"6,000",
06/11/2019,"900,000",
06/11/2019,"2,000",
07/11/2019,"50,000",
13/11/2019,"3,000",
14/11/2019,588,
19/11/2019,980,
19/11/2019,"60,000",
19/11/2019,"60,000",
21/11/2019,"11,000",
21/11/2019,"2,000",
22/11/2019,"30,000",
25/11/2019,"500,000",
26/11/2019,"60,000",
28/11/2019,"150,000",
28/11/2019,"10,000",
28/11/2019,"105,000",
28/11/2019,"5,000",
29/11/2019,"5,000",
29/11/2019,"20,000",
02/12/2019,,
03/12/2019,"2,500",
03/12/2019,"900,000",
03/12/2019,"10,000",
04/12/2019,2019,
09/12/2019,2019,
10/12/2019,2019,
10/12/2019,2019,
10/12/2019,2019,
11/12/2019,2019,
11/12/2019,2019,
11/12/2019,2019,
13/12/2019,2019,
13/12/2019,"15,100",
13/12/2019,"28,100",
16/12/2019,"75,000",
16/12/2019,"1,500",
16/12/2019,2019,
17/12/2019,"35,000",
17/12/2019,"2,000",
17/12/2019,"5,000",
18/12/2019,"1,600",
19/12/2019,"3,000",
06/01/2020,"2,000",
07/01/2020,"7,400",
07/01/2020,"6,000",
07/01/2020,"60,000",
07/01/2020,"60,000",
09/01/2020,"50,000",
13/01/2020,"20,000",
13/01/2020,"2,000",
13/01/2020,"1,430",
14/01/2020,"320,000",
15/01/2020,"2,000",
15/01/2020,500,
23/01/2020,"5,000",
23/01/2020,"1,022",
24/01/2020,"5,113",
30/01/2020,"11,760",
03/02/2020,"1,121",
03/02/2020,511,
03/02/2020,511,
03/02/2020,"5,112",
03/02/2020,"15,000",
03/02/2020,2019,
03/02/2020,"44,000",
03/02/2020,"3,000",
03/02/2020,"75,000",
04/02/2020,"75,000",
06/02/2020,"10,000",
11/02/2020,"14,000",
13/02/2020,"6,000",
14/02/2020,"9,000",
14/02/2020,"70,000",
14/02/2020,"10,000",
14/02/2020,"2,000",
14/02/2020,"1,000",
18/02/2020,"15,000",
20/02/2020,"5,000",
20/02/2020,"5,000",
21/02/2020,"8,500,000",
25/02/2020,"3,000,000",
25/02/2020,"150,000",
26/02/2020,"27,800,000",
27/02/2020,"100,000",
28/02/2020,"3,600",
28/02/2020,"60,000",
28/02/2020,"75,000",
03/03/2020,"60,000",
03/03/2020,"50,000",
03/03/2020,"20,000",
03/03/2020,"75,000",
03/03/2020,"6,670",
04/03/2020,"5,000",
04/03/2020,800,
04/03/2020,"1,500",
05/03/2020,"10,000",
06/03/2020,2019,
06/03/2020,2019,
06/03/2020,2019,
06/03/2020,"2,500",
09/03/2020,"3,000",
09/03/2020,"1,500",
09/03/2020,"80,000",
10/03/2020,"42,000",
10/03/2020,"30,000",
10/03/2020,"30,000",
10/03/2020,"30,000",
11/03/2020,"120,000",
12/03/2020,"48,000",
13/03/2020,"48,000",
16/03/2020,"6,000",
16/03/2020,"525,000",
16/03/2020,"3,600",
18/03/2020,"1,800",
19/03/2020,"42,000",
19/03/2020,"40,000",
20/03/2020,"24,000",
24/03/2020,,
25/03/2020,"60,000",
25/03/2020,"4,000",
25/03/2020,"4,000",
25/03/2020,"4,000",
25/03/2020,"15,000",
26/03/2020,"7,000",
07/04/2020,"14,000",
14/04/2020,"5,000,000",
23/04/2020,"20,600",
23/04/2020,"9,000",
28/04/2020,,
29/04/2020,2019,
30/04/2020,,
30/04/2020,200,
03/05/2020,,
05/05/2020,"30,000",
12/05/2020,"3,000",
14/05/2020,"5,000",
15/05/2020,"5,000",
17/05/2020,"4,000",
22/05/2020,"3,200",
22/05/2020,"2,000",
22/05/2020,"6,000",
26/05/2020,"6,000",
29/05/2020,"20,000",
29/05/2020,"8,000",
03/06/2020,286,
04/06/2020,"2,000",
08/06/2020,"2,850",
09/06/2020,"2,850",
09/06/2020,"2,850",
09/06/2020,"8,575",
09/06/2020,"4,290",
09/06/2020,"1,715",
09/06/2020,"2,860",
09/06/2020,290,
09/06/2020,"2,000",
09/06/2020,"3,000",
09/06/2020,"4,150",
11/06/2020,"3,000",
11/06/2020,"4,000",
12/06/2020,"5,000",
15/06/2020,"4,400",
16/06/2020,"2,560",
16/06/2020,"2,560",
16/06/2020,"5,110",
16/06/2020,2019,
18/06/2020,"50,000",
19/06/2020,"18,700",
19/06/2020,"725,000",
19/06/2020,"5,000",
22/06/2020,"11,200",
22/06/2020,"6,700",
23/06/2020,"75,000",
25/06/2020,"100,000",
29/06/2020,"16,000",
30/06/2020,"12,500",
30/06/2020,"1,000",
30/06/2020,"72,000",
02/07/2020,870,
02/07/2020,"5,000",
02/07/2020,540,
02/07/2020,"1,000",
02/07/2020,"75,000",
02/07/2020,"39,000",
06/07/2020,"25,000",
09/07/2020,"4,000",
10/07/2020,"276,000",
10/07/2020,"40,000",
10/07/2020,"134,000",
10/07/2020,"2,000",
10/07/2020,"50,000",
10/07/2020,"3,000",
10/07/2020,"3,000",
10/07/2020,"2,000",
13/07/2020,"2,000",
13/07/2020,"3,000",
13/07/2020,500,
14/07/2020,"2,890",
14/07/2020,"5,800",
14/07/2020,"1,450",
15/07/2020,"1,240,000",
16/07/2020,"7,500",
20/07/2020,"2,000",
20/07/2020,"2,000",
20/07/2020,"4,000",
20/07/2020,"75,000",
20/07/2020,"3,000",
20/07/2020,"288,000",
23/07/2020,"1,900",
23/07/2020,"10,000",
23/07/2020,"1,000",
23/07/2020,"5,000",
23/07/2020,"13,500",
23/07/2020,"6,700",
23/07/2020,"40,000",
23/07/2020,"112,000",
27/07/2020,,
28/07/2020,"6,000",
28/07/2020,"4,000",
29/07/2020,"3,000",
29/07/2020,"24,000",
30/07/2020,"4,000",
30/07/2020,,
30/07/2020,"3,600",
31/07/2020,"5,000",
31/07/2020,"15,000",
03/08/2020,"3,400",
03/08/2020,"46,660",
04/08/2020,"830,000",
04/08/2020,"200,000",
04/08/2020,"16,700,000",
04/08/2020,"800,000",
04/08/2020,"1,500",
05/08/2020,"1,000",
05/08/2020,"12,000",
05/08/2020,"5,000",
05/08/2020,"5,000",
05/08/2020,"55,000",
06/08/2020,"600,000",
06/08/2020,"24,000",
06/08/2020,"40,000",
10/08/2020,"1,500",
10/08/2020,"5,000",
12/08/2020,"80,000",
17/08/2020,"70,000",
17/08/2020,"10,000",
17/08/2020,"55,000",
18/08/2020,"70,000",
28/08/2020,"75,000",
28/08/2020,"5,000",
28/08/2020,"5,000",
31/08/2020,"5,000",
31/08/2020,"2,000",
01/09/2020,"2,000",
01/09/2020,"5,000",
03/09/2020,"147,800",
03/09/2020,"250,000",
07/09/2020,"20,100",
07/09/2020,"3,000",
07/09/2020,"60,000",
08/09/2020,"10,000",
08/09/2020,"10,000",
08/09/2020,"3,000",
11/09/2020,"3,000",
11/09/2020,"7,000",
16/09/2020,"3,000",
17/09/2020,100,
17/09/2020,"2,000",
17/09/2020,"15,000",
22/09/2020,"5,000",
22/09/2020,"1,000",
25/09/2020,"2,000",
25/09/2020,"3,000",
25/09/2020,"4,000",
25/09/2020,"3,000",
30/09/2020,"22,300",
30/09/2020,"45,000",
30/09/2020,"5,000",
30/09/2020,,
01/10/2020,"50,000",
01/10/2020,"5,000",
01/10/2020,"22,700",
03/10/2020,"1,500",
06/10/2020,"75,000",
06/10/2020,"3,000",
09/10/2020,"15,000",
09/10/2020,"11,200",
09/10/2020,"3,000",
09/10/2020,560,
14/10/2020,500,
15/10/2020,"60,000",
16/10/2020,"3,000",
19/10/2020,"10,000",
19/10/2020,"1,500",
19/10/2020,"8,000",
19/10/2020,"2,000",
20/10/2020,"2,000",
21/10/2020,"5,000",
22/10/2020,"60,000",
23/10/2020,"35,258,708",
24/10/2020,"80,000",
26/10/2020,"60,000",
26/10/2020,"60,000",
26/10/2020,,
28/10/2020,"1,168",
28/10/2020,"60,000",
29/10/2020,"3,000",
29/10/2020,"2,000",
29/10/2020,"3,000",
30/10/2020,900,
03/11/2020,"13,900",
05/11/2020,"2,000",
06/11/2020,"50,000",
10/11/2020,"5,000",
11/11/2020,"3,000",
11/11/2020,"1,000",
12/11/2020,"15,000",
13/11/2020,"3,000",
13/11/2020,"4,000",
16/11/2020,"2,000",
16/11/2020,"7,800",
17/11/2020,"1,700",
17/11/2020,"2,000",
18/11/2020,"15,000",
18/11/2020,"54,800",
18/11/2020,"36,000",
18/11/2020,"6,000",
19/11/2020,"20,000",
19/11/2020,"4,000",
23/11/2020,"30,000",
23/11/2020,"75,000",
23/11/2020,"36,000",
24/11/2020,"12,251,601",
24/11/2020,"20,000",
25/11/2020,"1,405,000",
25/11/2020,"3,000",
25/11/2020,"4,000",
26/11/2020,"50,000",
26/11/2020,"42,000",
26/11/2020,"1,600",
27/11/2020,"42,000",
30/11/2020,"30,000",
30/11/2020,"2,000",
01/12/2020,"65,000",
01/12/2020,"12,000",
01/12/2020,"4,000",
01/12/2020,"2,000",
02/12/2020,"5,000",
02/12/2020,"800,000",
02/12/2020,"394,000",
02/12/2020,"19,500",
03/12/2020,"2,250,000",
03/12/2020,"40,000",
03/12/2020,"20,000",
03/12/2020,"1,500",
03/12/2020,600,
03/12/2020,150,
03/12/2020,"6,000",
03/12/2020,"3,000",
03/12/2020,"5,000",
07/12/2020,"1,463,000",
09/12/2020,"1,168,000",
09/12/2020,"2,400",
09/12/2020,"243,800",
09/12/2020,"243,800",
10/12/2020,"341,300",
10/12/2020,"390,100",
10/12/2020,"2,900,000",
11/12/2020,"18,840",
11/12/2020,"1,200",
11/12/2020,"10,000",
14/12/2020,"40,000",
15/12/2020,"10,000",
15/12/2020,"1,500",
15/12/2020,"4,000",
15/12/2020,"5,000,000",
15/12/2020,"54,000",
16/12/2020,"443,000",
16/12/2020,"1,000",
16/12/2020,"450,000",
16/12/2020,"29,500",
17/12/2020,"15,000",
17/12/2020,"6,250",
17/12/2020,"100,000",
17/12/2020,"3,000",
17/12/2020,"6,000",
17/12/2020,"10,000",
17/12/2020,"1,940",
17/12/2020,"55,400",
17/12/2020,"1,385",
17/12/2020,"36,000",
17/12/2020,"6,000",
18/12/2020,"2,000",
18/12/2020,"50,000",
18/12/2020,"15,000",
18/12/2020,"18,930",
18/12/2020,"10,000",
18/12/2020,"20,000",
18/12/2020,"1,000",
18/12/2020,"3,000",
18/12/2020,"54,000",
18/12/2020,"95,500",
18/12/2020,"7,300",
18/12/2020,"235,300",
20/12/2020,"18,850",
21/12/2020,"20,000",
22/12/2020,"1,770",
22/12/2020,"118,500",
23/12/2020,"9,700",
23/12/2020,"7,250",
28/12/2020,"100,000",
29/12/2020,"100,000",
30/12/2020,"100,000",
04/01/2021,"10,400,000",
04/01/2021,"20,000",
04/01/2021,"4,000",
05/01/2021,"2,000,000",
05/01/2021,,
05/01/2021,"38,600",
06/01/2021,"38,600",
07/01/2021,"10,000",
08/01/2021,"5,500",
11/01/2021,"1,200",
12/01/2021,"50,000",
12/01/2021,"9,700",
13/01/2021,"500,000",
14/01/2021,"40,000",
14/01/2021,"25,000",
14/01/2021,"75,000",
14/01/2021,"150,000",
14/01/2021,"75,000",
14/01/2021,"50,000",
15/01/2021,"2,850",
19/01/2021,"100,000",
19/01/2021,"19,300",
20/01/2021,"24,000",
20/01/2021,"3,000",
20/01/2021,"3,000",
21/01/2021,"100,000",
21/01/2021,"2,000",
22/01/2021,"3,000",
27/01/2021,"5,000",
27/01/2021,"5,000",
27/01/2021,"24,000",
27/01/2021,"1,000",
27/01/2021,"19,000",
27/01/2021,"70,000",
27/01/2021,"65,000",
01/02/2021,"120,000",
01/02/2021,"440,000",
01/02/2021,"8,000",
02/02/2021,"1,000",
03/02/2021,"30,000",
03/02/2021,"50,000",
04/02/2021,"50,000",
04/02/2021,"10,000",
08/02/2021,"2,000",
08/02/2021,"18,000",
09/02/2021,"22,200",
09/02/2021,"1,600",
10/02/2021,,
11/02/2021,"12,000",
11/02/2021,"97,150",
11/02/2021,"22,200",
11/02/2021,"85,000",
11/02/2021,"12,000",
11/02/2021,"3,000",
11/02/2021,"24,400",
11/02/2021,"9,000",
12/02/2021,,
12/02/2021,"15,000",
12/02/2021,"200,000",
12/02/2021,"25,000",
16/02/2021,"10,000",
22/02/2021,"6,000",
23/02/2021,"40,000",
23/02/2021,500,
24/02/2021,"4,600",
25/02/2021,"30,000",
25/02/2021,"15,000",
25/02/2021,"300,000",
25/02/2021,"10,000",
25/02/2021,"8,000",
25/02/2021,"4,000",
26/02/2021,"10,000",
26/02/2021,"300,000",
02/03/2021,"50,000",
02/03/2021,"90,000",
02/03/2021,"8,150,000",
02/03/2021,"1,500",
03/03/2021,"12,000",
03/03/2021,"5,000",
03/03/2021,"2,000",
03/03/2021,"75,000",
03/03/2021,"75,000",
04/03/2021,"1,000",
08/03/2021,"3,000",
09/03/2021,"2,000",
10/03/2021,"3,000",
10/03/2021,"60,000",
10/03/2021,"2,000",
10/03/2021,"1,000",
10/03/2021,"4,900",
10/03/2021,"600,000",
11/03/2021,"2,000",
11/03/2021,"14,900",
11/03/2021,"475,000",
11/03/2021,"10,000",
11/03/2021,"6,000",
12/03/2021,"5,000",
12/03/2021,"20,000",
15/03/2021,"350,000",
15/03/2021,"60,000",
15/03/2021,"4,000",
15/03/2021,"4,500,000",
15/03/2021,"3,000",
15/03/2021,"3,000",
15/03/2021,"4,000",
16/03/2021,"2,400",
18/03/2021,"45,000",
19/03/2021,"2,000",
21/03/2021,"100,000",
22/03/2021,"3,400",
23/03/2021,"6,000",
23/03/2021,"60,000",
23/03/2021,2020,
24/03/2021,2020,
25/03/2021,"5,000",
25/03/2021,"2,000",
25/03/2021,"3,000",
25/03/2021,"90,000",
25/03/2021,"1,500",
25/03/2021,"1,500",
25/03/2021,2020,
30/03/2021,,
05/04/2021,2020,
05/04/2021,"8,000",
05/04/2021,"19,900",
06/04/2021,"1,500",
08/04/2021,"4,000",
08/04/2021,"2,000",
09/04/2021,"3,000",
09/04/2021,2020,
13/04/2021,2020,
15/04/2021,2020,
15/04/2021,2020,
15/04/2021,2020,
15/04/2021,2020,
15/04/2021,2020,
15/04/2021,2020,
16/04/2021,"1,000,000",
19/04/2021,"3,000",
19/04/2021,"15,000",
20/04/2021,"600,000",
20/04/2021,"15,000",
21/04/2021,"80,000",
21/04/2021,"30,000",
22/04/2021,"20,000",
22/04/2021,"100,000",
22/04/2021,"75,000",
23/04/2021,"27,700",
26/04/2021,,
27/04/2021,"2,000",
27/04/2021,"23,100",
27/04/2021,"1,500,000",
27/04/2021,"1,500,000",
27/04/2021,"7,500",
29/04/2021,"3,000",
29/04/2021,"4,000",
04/05/2021,200,
04/05/2021,"2,000",
05/05/2021,"30,000",
07/05/2021,"525,000",
12/05/2021,"1,425",
12/05/2021,"5,000",
12/05/2021,"245,000",
12/05/2021,"2,000",
12/05/2021,"5,000",
12/05/2021,500,
12/05/2021,"2,000",
13/05/2021,"40,000",
13/05/2021,"15,000",
13/05/2021,"39,000",
13/05/2021,"90,000",
14/05/2021,"3,000",
14/05/2021,900,
14/05/2021,"1,400",
17/05/2021,570,
18/05/2021,"100,000",
19/05/2021,"4,000",
19/05/2021,"6,000",
20/05/2021,"3,000",
21/05/2021,"7,000",
21/05/2021,"10,000",
21/05/2021,"95,500",
25/05/2021,"2,000",
25/05/2021,"3,000",
25/05/2021,"5,000",
25/05/2021,"15,000",
26/05/2021,"45,000",
27/05/2021,"4,000",
27/05/2021,"12,000",
27/05/2021,"6,000",
28/05/2021,"20,000",
31/05/2021,"19,600",
31/05/2021,"1,900",
02/06/2021,"2,400",
03/06/2021,"2,600",
04/06/2021,"1,000",
04/06/2021,"25,000",
07/06/2021,"25,000",
07/06/2021,"50,000",
07/06/2021,"1,200,000",
07/06/2021,"64,500",
07/06/2021,"2,000",
07/06/2021,"5,050",
07/06/2021,"34,800",
09/06/2021,"39,700",
09/06/2021,2020,
09/06/2021,"12,000",
09/06/2021,"18,000",
09/06/2021,"1,200",
09/06/2021,"2,000",
09/06/2021,"4,900",
10/06/2021,"27,000",
10/06/2021,"15,000",
10/06/2021,"20,000",
10/06/2021,"1,600,000",
11/06/2021,"500,000",
11/06/2021,"24,800",
11/06/2021,"10,000",
14/06/2021,"2,856,169",
14/06/2021,"49,200",
15/06/2021,2020,
16/06/2021,"34,000",
18/06/2021,"35,300",
21/06/2021,"2,800",
21/06/2021,"2,600,000",
21/06/2021,"8,500",
22/06/2021,,
22/06/2021,"53,800",
24/06/2021,"84,000",
29/06/2021,"7,200",
30/06/2021,"7,600",
01/07/2021,"20,000",
01/07/2021,"450,000",
02/07/2021,"29,000",
05/07/2021,"15,000",
05/07/2021,"50,000",
05/07/2021,"4,000",
05/07/2021,,
06/07/2021,"80,700",
07/07/2021,2020,
07/07/2021,"67,900",
08/07/2021,"12,500",
08/07/2021,"1,500",
08/07/2021,"4,200",
09/07/2021,"1,500",
09/07/2021,"2,000",
12/07/2021,"1,000",
16/07/2021,"6,000",
16/07/2021,"5,000",
20/07/2021,"45,000",
22/07/2021,"3,000",
22/07/2021,"750,000",
22/07/2021,"1,750,000",
22/07/2021,"120,000",
22/07/2021,"150,000",
26/07/2021,"2,000",
26/07/2021,"2,000",
26/07/2021,"400,000",
26/07/2021,"2,520,000",
27/07/2021,"746,000,000",
27/07/2021,"3,000",
27/07/2021,500,
27/07/2021,"1,000",
27/07/2021,"10,000",
27/07/2021,"2,400",
27/07/2021,900,
27/07/2021,"2,000",
27/07/2021,"25,000",
27/07/2021,200,
27/07/2021,"60,000",
27/07/2021,"3,000",
27/07/2021,"2,500,000",
27/07/2021,2020,
29/07/2021,"500,000",
30/07/2021,"2,000",
30/07/2021,"2,000",
30/07/2021,"2,000",
30/07/2021,"1,000",
02/08/2021,"3,000",
02/08/2021,"3,000",
03/08/2021,"3,000",
05/08/2021,"4,000",
05/08/2021,600,
05/08/2021,"2,000",
05/08/2021,"4,000",
09/08/2021,"1,000",
09/08/2021,"5,000",
10/08/2021,"6,000",
12/08/2021,"40,000",
13/08/2021,"40,000",
13/08/2021,"9,600",
17/08/2021,"2,000",
20/08/2021,"96,000",
23/08/2021,"2,800",
23/08/2021,"28,400",
24/08/2021,"1,000",
25/08/2021,"2,000",
26/08/2021,"3,000",
26/08/2021,"2,200",
26/08/2021,"1,000",
26/08/2021,"120,000",
30/08/2021,"225,000,000",
02/09/2021,"6,000",
02/09/2021,"1,800",
03/09/2021,"4,000",
04/09/2021,"53,800",
06/09/2021,"1,400",
06/09/2021,"200,000",
06/09/2021,"800,000",
07/09/2021,"30,000",
08/09/2021,"400,000",
13/09/2021,"40,000",
13/09/2021,"40,000",
13/09/2021,"25,000",
14/09/2021,"1,000",
14/09/2021,"1,000",
14/09/2021,"9,000",
14/09/2021,"10,000",
14/09/2021,"3,000",
15/09/2021,"4,000",
16/09/2021,"67,200",
16/09/2021,"20,000",
16/09/2021,"20,000",
16/09/2021,"8,000",
16/09/2021,"5,000",
16/09/2021,"18,000",
16/09/2021,"40,000",
16/09/2021,"900,000",
17/09/2021,"3,250",
17/09/2021,"3,000",
20/09/2021,"56,000",
20/09/2021,"56,000",
20/09/2021,"496,000",
21/09/2021,"56,000",
21/09/2021,"56,000",
24/09/2021,"3,000",
24/09/2021,"5,000",
27/09/2021,"10,000",
28/09/2021,"107,000",
28/09/2021,"40,200",
28/09/2021,"75,600",
29/09/2021,"1,500",
29/09/2021,"2,000",
29/09/2021,"1,000",
29/09/2021,"12,500",
29/09/2021,"5,000",
04/10/2021,"4,000",
04/10/2021,"135,000",
04/10/2021,"30,000",
04/10/2021,"10,000",
05/10/2021,"5,000",
06/10/2021,"40,000",
06/10/2021,"9,500,000",
08/10/2021,2021,
11/10/2021,2021,
13/10/2021,"5,000",
13/10/2021,,
13/10/2021,"200,000",
14/10/2021,"3,296,326",
14/10/2021,"412,000",
14/10/2021,"70,000",
18/10/2021,"5,000",
18/10/2021,"40,000",
19/10/2021,"2,000",
19/10/2021,"11,800",
19/10/2021,"3,000,000",
21/10/2021,"3,000",
21/10/2021,"64,000",
25/10/2021,"16,000",
26/10/2021,"40,000",
26/10/2021,"40,000",
26/10/2021,"1,000",
26/10/2021,"5,000",
26/10/2021,"5,000",
27/10/2021,"1,500",
27/10/2021,"5,300",
27/10/2021,"13,200",
28/10/2021,"18,000",
28/10/2021,"5,000",
01/11/2021,"2,900",
01/11/2021,"1,500",
01/11/2021,"3,000",
02/11/2021,"78,000",
04/11/2021,"400,000",
09/11/2021,"1,000",
11/11/2021,"1,000",
12/11/2021,"30,000",
12/11/2021,380,
12/11/2021,"1,000",
12/11/2021,"40,000",
14/11/2021,"925,000",
15/11/2021,"400,000",
15/11/2021,"3,000",
15/11/2021,"2,000",
15/11/2021,"3,000",
19/11/2021,"40,000",
22/11/2021,"2,000",
22/11/2021,"51,000",
22/11/2021,"27,200",
23/11/2021,"9,000",
23/11/2021,"20,000",
23/11/2021,"15,400",
23/11/2021,"4,000",
23/11/2021,"1,000",
23/11/2021,"1,500",
24/11/2021,"5,000",
24/11/2021,"20,000",
25/11/2021,"5,000",
25/11/2021,"110,000",
25/11/2021,"2,000",
25/11/2021,"2,000",
25/11/2021,"585,000",
26/11/2021,"2,000",
29/11/2021,"8,000",
29/11/2021,"5,000",
29/11/2021,"2,000",
30/11/2021,"40,000",
30/11/2021,"40,000",
30/11/2021,"2,000",
30/11/2021,,
01/12/2021,300,
01/12/2021,600,
01/12/2021,2019,
02/12/2021,2019,
02/12/2021,2019,
02/12/2021,"1,000",
02/12/2021,"24,000",
02/12/2021,"2,750,000",
02/12/2021,"10,000",
03/12/2021,"98,000",
03/12/2021,"2,000",
06/12/2021,"6,300,000",
07/12/2021,"3,000",
07/12/2021,"608,000",
08/12/2021,"1,200",
08/12/2021,"13,450",
09/12/2021,"13,500",
09/12/2021,"50,000",
13/12/2021,"30,000",
13/12/2021,"2,000",
13/12/2021,"2,000",
14/12/2021,"3,900",
16/12/2021,600,
16/12/2021,"2,000",
16/12/2021,"4,000",
16/12/2021,"1,500",
16/12/2021,"6,000",
16/12/2021,"5,000",
16/12/2021,"5,000",
16/12/2021,"60,000",
16/12/2021,"2,000",
16/12/2021,"6,000",
16/12/2021,"180,000",
16/12/2021,"300,000",
17/12/2021,"2,000",
17/12/2021,"20,000",
17/12/2021,"30,000",
17/12/2021,"150,000",
17/12/2021,"6,000",
21/12/2021,"90,000,000",
21/12/2021,"60,000,000",
21/12/2021,"60,000,000",
22/12/2021,"1,000",
22/12/2021,"3,000",
23/12/2021,"9,000",
26/12/2021,"10,000",
28/12/2021,"25,000",
28/12/2021,"30,000",
28/12/2021,"60,000",
28/12/2021,"8,000,000",
28/12/2021,"1,500",
29/12/2021,"75,000",
31/12/2021,"7,000",
31/12/2021,"30,000",
31/12/2021,"6,000",
31/12/2021,"75,000",
31/12/2021,"1,250,000",
05/01/2022,"65,000",
11/01/2022,"56,000",
11/01/2022,"1,500",
13/01/2022,"2,000",
13/01/2022,"1,500",
13/01/2022,"6,800",
13/01/2022,"15,000",
13/01/2022,"1,500",
13/01/2022,"2,400",
14/01/2022,,
14/01/2022,"3,000",
14/01/2022,"2,000",
14/01/2022,"1,200",
17/01/2022,"110,000",
17/01/2022,"5,000",
17/01/2022,"6,500",
18/01/2022,"52,000",
18/01/2022,"28,500",
19/01/2022,"152,000",
19/01/2022,"10,000",
19/01/2022,"20,000",
20/01/2022,843,
21/01/2022,"1,000",
21/01/2022,"1,500",
26/01/2022,"5,000",
26/01/2022,"5,000",
26/01/2022,"1,200",
27/01/2022,"2,800",
27/01/2022,"6,000,000",
27/01/2022,"3,200,000",
27/01/2022,"400,000",
27/01/2022,"200,000",
27/01/2022,2020,
31/01/2022,2020,
31/01/2022,2020,
31/01/2022,"5,000",
01/02/2022,2020,
01/02/2022,2020,
01/02/2022,2020,
01/02/2022,2020,
01/02/2022,2020,
01/02/2022,2020,
01/02/2022,2020,
02/02/2022,2020,
02/02/2022,2020,
02/02/2022,2020,
02/02/2022,2020,
04/02/2022,2020,
04/02/2022,2020,
04/02/2022,2020,
04/02/2022,2020,
07/02/2022,"2,000",
07/02/2022,2020,
08/02/2022,2020,
10/02/2022,2020,
10/02/2022,,
10/02/2022,900,
10/02/2022,"300,000",
10/02/2022,"10,000",
10/02/2022,"3,940,000",
10/02/2022,"70,000",
10/02/2022,"700,000",
11/02/2022,"200,000",
14/02/2022,"900,000",
15/02/2022,"1,000",
16/02/2022,"2,000",
18/02/2022,"10,000",
21/02/2022,"100,000",
21/02/2022,"20,000",
22/02/2022,"7,500",
22/02/2022,"1,000",
22/02/2022,"4,000",
22/02/2022,"14,000",
23/02/2022,"4,000",
23/02/2022,"5,000",
24/02/2022,"1,600",
02/03/2022,"1,000",
03/03/2022,"2,000,000",
04/03/2022,"6,000",
08/03/2022,"1,000",
08/03/2022,"2,000",
08/03/2022,"30,000",
09/03/2022,"40,000",
09/03/2022,"2,500",
10/03/2022,"1,500",
10/03/2022,"1,000",
10/03/2022,"1,000",
10/03/2022,"3,000",
10/03/2022,"1,000",
10/03/2022,"117,000",
15/03/2022,"3,000",
15/03/2022,"1,200",
21/03/2022,"5,000",
22/03/2022,"525,000",
23/03/2022,"1,500",
24/03/2022,200,
25/03/2022,"124,245",
25/03/2022,"89,250",
28/03/2022,"17,000,000",
28/03/2022,"10,000",
29/03/2022,"2,000",
01/04/2022,"7,000",
04/04/2022,"20,000,000",
04/04/2022,"3,500",
04/04/2022,"10,000",
04/04/2022,"10,000",
04/04/2022,"2,000",
05/04/2022,"1,900,000",
05/04/2022,"1,000,000",
07/04/2022,"53,000",
07/04/2022,"6,700",
07/04/2022,"2,000",
07/04/2022,"4,000",
07/04/2022,"5,000",
07/04/2022,"2,000",
07/04/2022,"2,000",
07/04/2022,"720,000",
07/04/2022,"2,000",
07/04/2022,"1,300,000",
11/04/2022,"463,000",
12/04/2022,"200,000",
13/04/2022,"100,000",
15/04/2022,"20,000",
18/04/2022,"565,000",
18/04/2022,500,
18/04/2022,"7,500",
18/04/2022,"5,000",
19/04/2022,"1,500",
22/04/2022,"3,700,000",
22/04/2022,500,
23/04/2022,"1,000",
26/04/2022,"10,000",
27/04/2022,"1,800",
28/04/2022,"150,000",
28/04/2022,"8,000",
28/04/2022,"6,000",
28/04/2022,"10,000",
28/04/2022,"8,000",
28/04/2022,"9,000",
28/04/2022,"1,800",
28/04/2022,"1,500,000",
28/04/2022,"5,000",
28/04/2022,"13,500",
28/04/2022,600,
28/04/2022,"1,200",
28/04/2022,"1,500",
28/04/2022,"5,600",
28/04/2022,"4,200",
28/04/2022,"16,000",
29/04/2022,"4,000",
29/04/2022,"10,000",
29/04/2022,"1,500",
03/05/2022,"4,000",
03/05/2022,"30,000",
03/05/2022,"10,000",
03/05/2022,"10,000",
04/05/2022,"5,000",
04/05/2022,"15,000",
04/05/2022,"36,000",
09/05/2022,"1,200",
09/05/2022,300,
10/05/2022,"40,000",
11/05/2022,"1,000",
11/05/2022,"40,000",
12/05/2022,"40,000",
12/05/2022,"13,400",
12/05/2022,600,
12/05/2022,"1,000",
12/05/2022,500,
12/05/2022,"2,000",
12/05/2022,"6,000",
13/05/2022,"1,000",
16/05/2022,"170,000",
17/05/2022,"1,300",
17/05/2022,"5,000",
17/05/2022,"1,500",
17/05/2022,"1,500",
17/05/2022,"8,000",
17/05/2022,"18,000",
18/05/2022,"4,000",
18/05/2022,"10,000,000",
18/05/2022,"10,000",
18/05/2022,600,
20/05/2022,"42,000",
20/05/2022,"5,000",
20/05/2022,"9,700",
22/05/2022,"2,000",
22/05/2022,"1,500",
22/05/2022,"2,000",
24/05/2022,"50,000",
24/05/2022,"20,000",
25/05/2022,"10,000",
26/05/2022,"115,000",
26/05/2022,"8,300",
26/05/2022,"9,000,000",
26/05/2022,"50,000",
26/05/2022,"10,000",
26/05/2022,"1,000",
26/05/2022,"1,600",
26/05/2022,300,
26/05/2022,"10,000",
31/05/2022,"50,000",
31/05/2022,"2,000",
01/06/2022,"1,000",
03/06/2022,360,
03/06/2022,"1,500",
03/06/2022,"3,000",
03/06/2022,"3,500",
06/06/2022,"2,500",
08/06/2022,2021,
09/06/2022,2021,
09/06/2022,2021,
09/06/2022,2021,
09/06/2022,2021,
15/06/2022,2021,
16/06/2022,2021,
16/06/2022,2021,
16/06/2022,2021,
16/06/2022,2021,
16/06/2022,2021,
17/06/2022,2021,
20/06/2022,2021,
20/06/2022,2021,
20/06/2022,2021,
22/06/2022,2021,
22/06/2022,2021,
22/06/2022,2021,
23/06/2022,"2,000",
23/06/2022,2021,
23/06/2022,2021,
24/06/2022,600,
24/06/2022,"2,000",
28/06/2022,"40,000",
28/06/2022,2021,
29/06/2022,"3,000",
30/06/2022,"10,000",
30/06/2022,"20,000",
30/06/2022,,
30/06/2022,"14,500",
30/06/2022,"70,000",
01/07/2022,"1,000",
01/07/2022,"1,000",
05/07/2022,"1,000",
06/07/2022,"7,000",
06/07/2022,180,
06/07/2022,"134,000",
06/07/2022,"3,000",
07/07/2022,"2,100",
07/07/2022,"634,000",
07/07/2022,"1,000",
07/07/2022,"30,000",
07/07/2022,"30,000",
08/07/2022,"2,000",
12/07/2022,"3,000",
12/07/2022,"91,000",
12/07/2022,"3,000",
13/07/2022,500,
13/07/2022,"42,000",
13/07/2022,"85,000",
14/07/2022,"2,000",
15/07/2022,"2,000",
15/07/2022,"46,000",
18/07/2022,"100,000",
19/07/2022,"195,000",
19/07/2022,"56,000",
19/07/2022,600,
19/07/2022,"3,000",
19/07/2022,"1,000,000",
21/07/2022,"20,000",
21/07/2022,2022,
21/07/2022,"10,000",
21/07/2022,2022,
21/07/2022,"20,000,000",
21/07/2022,"12,450",
21/07/2022,"67,200",
21/07/2022,"2,000",
22/07/2022,300,
22/07/2022,2022,
22/07/2022,"7,000",
26/07/2022,2021,
26/07/2022,2021,
26/07/2022,2021,
26/07/2022,"10,000",
27/07/2022,2021,
28/07/2022,2021,
28/07/2022,2021,
29/07/2022,2021,
01/08/2022,"132,000",
01/08/2022,600,
01/08/2022,"5,000",
02/08/2022,"2,000",
02/08/2022,"4,000",
03/08/2022,"56,000",
03/08/2022,"10,000",
04/08/2022,"6,000",
04/08/2022,"6,000",
05/08/2022,"4,000",
05/08/2022,"285,000",
05/08/2022,"16,000",
05/08/2022,"4,000",
08/08/2022,"2,000",
08/08/2022,"70,000",
08/08/2022,"50,000",
08/08/2022,"12,000",
09/08/2022,2021,
09/08/2022,2021,
11/08/2022,2021,
11/08/2022,2021,
12/08/2022,"40,000",
16/08/2022,"1,100,000",
19/08/2022,"3,000",
19/08/2022,"1,400",
22/08/2022,500,
22/08/2022,"1,000",
22/08/2022,"1,000",
23/08/2022,300,
23/08/2022,"15,000",
25/08/2022,"900,000",
25/08/2022,"2,500",
28/08/2022,800,
28/08/2022,"11,000",
28/08/2022,"2,120",
29/08/2022,"175,000",
30/08/2022,600,
30/08/2022,"42,000",
30/08/2022,"30,200",
30/08/2022,"2,000",
31/08/2022,"2,000",
01/09/2022,"3,000",
01/09/2022,"9,600",
01/09/2022,"26,000",
04/09/2022,"20,000",
04/09/2022,"7,000",
05/09/2022,600,
06/09/2022,"6,700",
06/09/2022,"1,000",
07/09/2022,600,
08/09/2022,600,
09/09/2022,"9,000",
09/09/2022,2021,
09/09/2022,2021,
09/09/2022,2021,
12/09/2022,2021,
12/09/2022,2021,
13/09/2022,2021,
13/09/2022,180,
13/09/2022,2021,
15/09/2022,2021,
15/09/2022,2021,
15/09/2022,2021,
15/09/2022,2021,
15/09/2022,2021,
16/09/2022,2021,
16/09/2022,2021,
16/09/2022,2021,
16/09/2022,"5,000",
19/09/2022,"202,000",
20/09/2022,"1,000",
20/09/2022,"2,000",
21/09/2022,"3,600",
21/09/2022,"6,000",
21/09/2022,"1,600",
22/09/2022,2021,
22/09/2022,2021,
23/09/2022,2021,
23/09/2022,"600,000",
25/09/2022,"30,000",
26/09/2022,"20,000",
28/09/2022,900,
28/09/2022,600,
28/09/2022,800,
03/10/2022,"1,800",
03/10/2022,"10,000",
03/10/2022,"70,000",
03/10/2022,"10,000",
03/10/2022,"4,000",
04/10/2022,"2,000",
04/10/2022,"405,000,000",
04/10/2022,480,
05/10/2022,"3,000",
06/10/2022,"1,200",
06/10/2022,"1,000",
06/10/2022,"1,700",
06/10/2022,240,
06/10/2022,"20,000",
06/10/2022,300,
09/10/2022,"250,000",
09/10/2022,"2,000",
09/10/2022,300,
09/10/2022,"2,000",
09/10/2022,180,
09/10/2022,"20,000",
14/10/2022,360,
17/10/2022,"5,000",
17/10/2022,"2,000",
17/10/2022,480,
17/10/2022,"10,000",
17/10/2022,"8,000",
18/10/2022,"48,000",
18/10/2022,"5,600",
19/10/2022,"1,500",
19/10/2022,600,
20/10/2022,"525,000",
20/10/2022,"50,000",
20/10/2022,"3,000",
20/10/2022,"2,000",
20/10/2022,"1,800",
20/10/2022,"2,000",
20/10/2022,"3,000",
20/10/2022,530,
24/10/2022,735,
24/10/2022,"1,200",
24/10/2022,"5,000",
25/10/2022,"2,000",
26/10/2022,180,
26/10/2022,720,
31/10/2022,"6,700",
31/10/2022,"2,000",
31/10/2022,"2,000",
31/10/2022,"10,000",
02/11/2022,"3,000",
02/11/2022,"31,200",
02/11/2022,2021,
02/11/2022,2021,
02/11/2022,"20,100",
02/11/2022,"6,000",
03/11/2022,"1,547,000",
03/11/2022,"100,000",
07/11/2022,"45,000",
07/11/2022,"4,000",
08/11/2022,"24,000",
09/11/2022,,
09/11/2022,"10,600",
10/11/2022,900,
10/11/2022,800,
10/11/2022,"6,000",
10/11/2022,"64,000",
10/11/2022,600,
10/11/2022,150,
10/11/2022,"4,000",
10/11/2022,"5,000",
10/11/2022,"5,000",
10/11/2022,"20,000",
10/11/2022,"5,000",
10/11/2022,"72,500",
11/11/2022,"12,000",
11/11/2022,"20,000",
15/11/2022,"1,500",
15/11/2022,180,
16/11/2022,"20,000",
18/11/2022,"5,000",
21/11/2022,500,
21/11/2022,"20,000,000",
24/11/2022,"2,000",
24/11/2022,150,
24/11/2022,"6,000",
24/11/2022,"2,000",
24/11/2022,"3,000",
24/11/2022,"15,000",
24/11/2022,"20,000",
25/11/2022,"20,000",
25/11/2022,"20,000",
25/11/2022,"20,000",
25/11/2022,"1,000",
25/11/2022,"10,000",
25/11/2022,"5,033,000",
29/11/2022,"15,000",
29/11/2022,"10,000",
30/11/2022,"5,000",
01/12/2022,"20,000",
01/12/2022,240,
01/12/2022,400,
01/12/2022,"8,000",
01/12/2022,"3,000",
01/12/2022,"35,000",
02/12/2022,"10,000",
02/12/2022,"9,000",
03/12/2022,"20,000",
03/12/2022,"1,200",
03/12/2022,"10,000",
05/12/2022,"2,000",
05/12/2022,"70,000",
06/12/2022,"25,000",
06/12/2022,"2,000",
07/12/2022,"56,000",
07/12/2022,"5,000",
08/12/2022,"1,000",
08/12/2022,"1,000",
08/12/2022,"5,000",
09/12/2022,"2,000",
09/12/2022,"525,000",
09/12/2022,"70,000",
09/12/2022,300,
09/12/2022,900,
13/12/2022,"48,000",
13/12/2022,"3,600",
13/12/2022,"80,000",
13/12/2022,"197,000",
13/12/2022,"1,700",
13/12/2022,"28,000",
13/12/2022,"800,000",
13/12/2022,300,
13/12/2022,"180,000",
13/12/2022,300,
15/12/2022,"20,000",
15/12/2022,"1,000",
15/12/2022,"265,000,000",
15/12/2022,"3,000",
15/12/2022,500,
15/12/2022,"500,000",
15/12/2022,"600,000",
15/12/2022,"3,000",
15/12/2022,"3,000",
15/12/2022,600,
15/12/2022,300,
15/12/2022,"2,000,000",
15/12/2022,"10,000",
19/12/2022,"40,000",
20/12/2022,"40,000",
20/12/2022,"3,500",
20/12/2022,"3,600",
21/12/2022,"1,800",
22/12/2022,"5,000",
22/12/2022,"5,000",
27/12/2022,"2,000",
27/12/2022,480,
28/12/2022,"8,000",
28/12/2022,120,
28/12/2022,"4,300,000",
28/12/2022,"56,000",
28/12/2022,"230,000",
28/12/2022,"300,000",
28/12/2022,"7,000",
29/12/2022,"56,000",
29/12/2022,"56,000",
30/12/2022,"5,000",
30/12/2022,"16,000",
02/01/2023,"30,000",
03/01/2023,"1,000",
03/01/2023,"2,000",
04/01/2023,"3,000",
04/01/2023,"100,000",
09/01/2023,"4,000",
09/01/2023,"10,000",
10/01/2023,"3,000",
10/01/2023,"1,000,000",
11/01/2023,"20,000",
11/01/2023,"390,000,000",
11/01/2023,"5,000",
12/01/2023,500,
12/01/2023,"3,000",
13/01/2023,300,
13/01/2023,400,
16/01/2023,"3,000",
16/01/2023,600,
16/01/2023,"3,000",
16/01/2023,"2,000",
17/01/2023,"10,000",
17/01/2023,"1,000",
18/01/2023,"3,000",
18/01/2023,120,
19/01/2023,300,
19/01/2023,300,
19/01/2023,600,
19/01/2023,300,
20/01/2023,"24,000",
20/01/2023,"6,000",
23/01/2023,"6,000",
24/01/2023,"100,000",
25/01/2023,"750,000",
25/01/2023,"50,000",
25/01/2023,"1,450",
26/01/2023,490,
26/01/2023,"6,800",
26/01/2023,960,
26/01/2023,600,
27/01/2023,"56,000",
31/01/2023,"3,000",
31/01/2023,"6,000",
31/01/2023,"20,000",
31/01/2023,"40,000",
31/01/2023,"1,000",
01/02/2023,"5,500,000",
02/02/2023,"17,900",
02/02/2023,300,
03/02/2023,360,
03/02/2023,"2,000",
03/02/2023,"122,000",
06/02/2023,"100,000",
06/02/2023,"2,000",
07/02/2023,"1,991",
08/02/2023,"1,991",
08/02/2023,"1,991",
08/02/2023,"3,583",
09/02/2023,"3,185",
17/02/2023,"1,991",
20/02/2023,"2,654",
21/02/2023,"1,991",
21/02/2023,"2,654",
21/02/2023,"2,654",
21/02/2023,300,
21/02/2023,180,
21/02/2023,"3,000",
21/02/2023,"2,000",
21/02/2023,"1,000",
21/02/2023,"1,000",
21/02/2023,180,
21/02/2023,600,
22/02/2023,600,
23/02/2023,"1,000",
27/02/2023,"55,000",
27/02/2023,"55,000",
28/02/2023,"55,000",
28/02/2023,"24,000",
28/02/2023,"1,000",
28/02/2023,"3,000",
28/02/2023,"10,000",
28/02/2023,"5,000",
01/03/2023,"9,000",
02/03/2023,"5,000",
02/03/2023,"6,000",
02/03/2023,2023,
02/03/2023,2022,
06/03/2023,2022,
06/03/2023,2022,
08/03/2023,2022,
09/03/2023,2022,
09/03/2023,2022,
09/03/2023,2022,
09/03/2023,2022,
09/03/2023,"3,000",
10/03/2023,500,
13/03/2023,600,
14/03/2023,900,
14/03/2023,"10,000",
15/03/2023,"15,000",
15/03/2023,"9,600",
15/03/2023,"2,500",
15/03/2023,"5,000",
16/03/2023,"8,000",
16/03/2023,"6,000",
16/03/2023,"1,000",
16/03/2023,"2,000",
16/03/2023,"12,000",
16/03/2023,"3,000",
16/03/2023,"3,000",
17/03/2023,"5,000",
21/03/2023,"1,500",
21/03/2023,"15,000",
21/03/2023,"5,200",
21/03/2023,"1,000",
21/03/2023,"1,500",
21/03/2023,"10,000",
21/03/2023,2022,
21/03/2023,2022,
21/03/2023,2022,
21/03/2023,2022,
23/03/2023,"1,400,000",
23/03/2023,"4,000",
23/03/2023,"2,500",
23/03/2023,"900,000",
23/03/2023,"10,000",
23/03/2023,600,
23/03/2023,300,
24/03/2023,300,
24/03/2023,300,
27/03/2023,300,
30/03/2023,180,
03/04/2023,"1,200",
03/04/2023,300,
03/04/2023,"460,000",
04/04/2023,"200,000",
04/04/2023,"150,000",
04/04/2023,"100,000",
04/04/2023,"30,000",
04/04/2023,"4,900,000",
04/04/2023,"1,500",
05/04/2023,"10,000",
06/04/2023,300,
07/04/2023,"15,000",
12/04/2023,800,
13/04/2023,"15,000",
13/04/2023,"440,000",
13/04/2023,"20,000",
13/04/2023,"2,250",
13/04/2023,"3,000",
13/04/2023,"2,000",
13/04/2023,"10,000",
14/04/2023,"4,000",
14/04/2023,"3,000",
14/04/2023,"1,000",
17/04/2023,"3,000",
19/04/2023,"6,400",
20/04/2023,"5,000",
20/04/2023,480,
20/04/2023,"4,000",
21/04/2023,240,
24/04/2023,"5,000",
24/04/2023,"6,000",
25/04/2023,"136,000",
25/04/2023,"750,000",
26/04/2023,"220,000",
26/04/2023,"125,000",
27/04/2023,"5,000",
27/04/2023,450,
27/04/2023,"70,000",
27/04/2023,"70,000",
27/04/2023,"1,000",
27/04/2023,"2,500",
27/04/2023,"2,100",
28/04/2023,700,
28/04/2023,"1,400",
28/04/2023,"50,000",
02/05/2023,"50,000",
03/05/2023,"50,000",
03/05/2023,"50,000",
04/05/2023,"50,000",
04/05/2023,"50,000",
05/05/2023,"40,000",
05/05/2023,"40,000",
05/05/2023,"50,000",
09/05/2023,2022,
09/05/2023,2022,
10/05/2023,2022,
11/05/2023,2022,
12/05/2023,2022,
12/05/2023,2022,
12/05/2023,2022,
16/05/2023,2022,
16/05/2023,2022,
17/05/2023,2022,
17/05/2023,2022,
17/05/2023,2022,
17/05/2023,2022,
17/05/2023,"14,500,000",
17/05/2023,"3,000",
17/05/2023,321,
17/05/2023,"50,000",
18/05/2023,"18,000",
18/05/2023,300,
23/05/2023,"50,000",
23/05/2023,300,
24/05/2023,"1,000",
24/05/2023,"3,000",
25/05/2023,"4,000",
25/05/2023,2022,
29/05/2023,2022,
29/05/2023,2022,
29/05/2023,2022,
31/05/2023,2022,
31/05/2023,180,
31/05/2023,"18,700",
31/05/2023,360,
01/06/2023,"3,000",
01/06/2023,2022,
01/06/2023,"84,000",
01/06/2023,"10,000",
01/06/2023,"26,700",
01/06/2023,"7,000",
02/06/2023,"5,000",
02/06/2023,"1,800",
02/06/2023,600,
05/06/2023,"3,000",
06/06/2023,"11,100",
06/06/2023,2022,
06/06/2023,"5,000",
06/06/2023,"120,000",
07/06/2023,"2,000",
07/06/2023,"10,000",
07/06/2023,"10,000",
07/06/2023,"30,000",
07/06/2023,"40,000",
08/06/2023,"100,000",
08/06/2023,"13,300",
08/06/2023,"1,600",
08/06/2023,"7,000",
09/06/2023,300,
12/06/2023,"112,000",
12/06/2023,800,
13/06/2023,"40,000",
13/06/2023,"150,000",
14/06/2023,"3,000",
14/06/2023,"10,000",
14/06/2023,2022,
14/06/2023,2022,
15/06/2023,2022,
15/06/2023,2022,
15/06/2023,2022,
16/06/2023,"1,000",
16/06/2023,"25,000",
16/06/2023,"50,000",
16/06/2023,"17,600",
20/06/2023,"25,000",
20/06/2023,"25,000",
20/06/2023,"70,000",
20/06/2023,"70,000",
21/06/2023,"1,000",
21/06/2023,300,
21/06/2023,2022,
22/06/2023,2022,
22/06/2023,2022,
22/06/2023,2022,
22/06/2023,"12,000",
23/06/2023,"5,000",
26/06/2023,"300,000",
27/06/2023,"75,000",
27/06/2023,"30,000",
27/06/2023,"5,000",
27/06/2023,"253,000",
27/06/2023,"3,000",
28/06/2023,"200,000",
29/06/2023,"5,000",
30/06/2023,"7,200",
30/06/2023,"1,200",
30/06/2023,"2,000",
03/07/2023,"8,000",
03/07/2023,2022,
04/07/2023,2022,
04/07/2023,2022,
05/07/2023,"80,700",
06/07/2023,"2,265,000",
06/07/2023,"7,000",
07/07/2023,"3,250",
07/07/2023,"9,000",
07/07/2023,"2,000",
10/07/2023,"2,000",
12/07/2023,"8,000",
12/07/2023,2022,
12/07/2023,"80,500",
16/07/2023,2022,
17/07/2023,180,
18/07/2023,"5,000",
18/07/2023,"30,000",
18/07/2023,"10,000",
18/07/2023,"1,000",
18/07/2023,2022,
18/07/2023,"500,000",
18/07/2023,2022,
18/07/2023,2022,
18/07/2023,2022,
18/07/2023,2020,
18/07/2023,2020,
18/07/2023,2020,
20/07/2023,"5,200,000",
20/07/2023,2020,
21/07/2023,2020,
24/07/2023,2020,
25/07/2023,2020,
26/07/2023,"1,200,000,000",
26/07/2023,"11,000",
27/07/2023,"1,500",
27/07/2023,"1,000",
27/07/2023,"5,000",
28/07/2023,"18,000",
31/07/2023,"1,000",
01/08/2023,600,
01/08/2023,480,
01/08/2023,"10,000",
01/08/2023,"3,000",
01/08/2023,900,
02/08/2023,"300,000",
02/08/2023,"3,000",
03/08/2023,300,
08/08/2023,"380,000",
08/08/2023,"56,000",
11/08/2023,"20,000",
11/08/2023,"42,000",
11/08/2023,"20,000",
16/08/2023,"10,000",
16/08/2023,500,
16/08/2023,2022,
18/08/2023,2022,
21/08/2023,2022,
23/08/2023,"50,000",
23/08/2023,2022,
25/08/2023,"7,631,175",
28/08/2023,"84,000",
28/08/2023,"70,000",
28/08/2023,"70,000",
28/08/2023,"50,000",
29/08/2023,"4,900,000",
30/08/2023,"2,000",
30/08/2023,400,
30/08/2023,180,
30/08/2023,"70,000",
30/08/2023,"70,000",
30/08/2023,"70,000",
31/08/2023,400,
31/08/2023,300,
31/08/2023,2022,
31/08/2023,2022,
31/08/2023,2022,
01/09/2023,2022,
01/09/2023,2022,
04/09/2023,2022,
05/09/2023,"150,000",
06/09/2023,"237,800",
07/09/2023,"676,956",
11/09/2023,"2,000",
13/09/2023,"8,000",
14/09/2023,400,
14/09/2023,"70,000",
14/09/2023,"70,000",
14/09/2023,300,
14/09/2023,"50,000",
14/09/2023,2022,
14/09/2023,2022,
14/09/2023,"56,000",
18/09/2023,"1,000",
18/09/2023,"30,000",
19/09/2023,2022,
19/09/2023,2022,
21/09/2023,"2,200",
21/09/2023,2023,
21/09/2023,2023,
23/09/2023,2022,
25/09/2023,"40,000,000",
25/09/2023,"40,000",
25/09/2023,"176,000",
25/09/2023,"239,000",
26/09/2023,180,
26/09/2023,"90,000",
26/09/2023,"90,000",
26/09/2023,"2,500",
26/09/2023,"10,000",
26/09/2023,"210,000",
27/09/2023,"150,000",
28/09/2023,"1,000",
28/09/2023,"40,000",
28/09/2023,"15,000",
28/09/2023,"3,000",
28/09/2023,"13,000",
28/09/2023,"1,100,000",
28/09/2023,"6,700",
02/10/2023,"2,000",
03/10/2023,"240,000",
05/10/2023,"10,000",
05/10/2023,"13,400",
08/10/2023,"1,000",
09/10/2023,"60,000",
09/10/2023,600,
10/10/2023,"1,000,000",
10/10/2023,"25,000",
11/10/2023,500,
11/10/2023,"81,000",
11/10/2023,"56,000",
11/10/2023,"15,000",
12/10/2023,"2,000",
12/10/2023,"5,000",
12/10/2023,"1,200",
15/10/2023,"24,000",
17/10/2023,180,
18/10/2023,"51,000",
18/10/2023,300,
18/10/2023,"10,000",
19/10/2023,"4,000",
20/10/2023,"257,000",
20/10/2023,"25,000",
23/10/2023,"1,800",
23/10/2023,300,
24/10/2023,"3,000",
25/10/2023,"1,200",
25/10/2023,"48,000",
25/10/2023,"1,000",
26/10/2023,300,
26/10/2023,"10,600",
26/10/2023,"70,000",
26/10/2023,720,
26/10/2023,"10,000",
27/10/2023,"22,500",
28/10/2023,300,
30/10/2023,"10,000",
31/10/2023,"3,000",
31/10/2023,300,
02/11/2023,300,
02/11/2023,"1,200",
02/11/2023,600,
03/11/2023,"20,000",
03/11/2023,2022,
03/11/2023,2022,
03/11/2023,"10,000",
06/11/2023,"15,000",
06/11/2023,"7,500",
06/11/2023,"3,000",
06/11/2023,"4,300",
07/11/2023,"2,300",
07/11/2023,"4,100",
07/11/2023,"20,000",
07/11/2023,"56,000",
07/11/2023,"56,000",
10/11/2023,300,
13/11/2023,"70,000",
13/11/2023,"2,000",
13/11/2023,"5,000",
15/11/2023,"5,000",
16/11/2023,"5,000",
16/11/2023,"1,200",
16/11/2023,"15,000",
16/11/2023,"20,000",
16/11/2023,2023,
16/11/2023,"6,000",
16/11/2023,"10,000",
16/11/2023,"6,000",
16/11/2023,"10,000",
16/11/2023,"20,000",
17/11/2023,"6,000",
17/11/2023,500,
20/11/2023,600,
20/11/2023,300,
20/11/2023,600,
20/11/2023,"5,000",
20/11/2023,"20,000",
21/11/2023,"5,000",
21/11/2023,300,
22/11/2023,"1,500",
22/11/2023,"10,000",
22/11/2023,500,
23/11/2023,"70,000",
24/11/2023,"10,000",
24/11/2023,"5,000",
27/11/2023,"1,500",
27/11/2023,300,
28/11/2023,180,
30/11/2023,"1,500",
30/11/2023,"4,800",
30/11/2023,"3,000,000",
30/11/2023,"300,000",
01/12/2023,"1,000,000",
06/12/2023,"1,500",
06/12/2023,600,
06/12/2023,"80,000",
06/12/2023,300,
06/12/2023,300,
07/12/2023,"10,300",
07/12/2023,"1,000",
07/12/2023,"23,000",
07/12/2023,"345,000,000",
07/12/2023,"10,000",
07/12/2023,300,
07/12/2023,"4,000",
11/12/2023,"70,000",
11/12/2023,"1,000",
12/12/2023,"140,000",
12/12/2023,"205,000",
12/12/2023,600,
13/12/2023,"30,000",
13/12/2023,"70,000",
15/12/2023,420,
17/12/2023,"200,000",
17/12/2023,"25,000",
19/12/2023,"2,000",
20/12/2023,"10,000",
21/12/2023,"17,000",
21/12/2023,500,
22/12/2023,2023,
22/12/2023,400,
22/12/2023,"1,600",
22/12/2023,"2,500",
23/12/2023,"12,000",
27/12/2023,"15,000",
02/01/2024,"1,500",
04/01/2024,"4,000",
08/01/2024,500,
09/01/2024,"25,000",
11/01/2024,"15,000",
12/01/2024,"20,000",
15/01/2024,"30,000",
15/01/2024,"5,470,000",
15/01/2024,"5,300",
16/01/2024,300,
17/01/2024,2023,
18/01/2024,"70,000",
22/01/2024,"90,000",
23/01/2024,600,
23/01/2024,"30,000",
23/01/2024,"20,000",
24/01/2024,"600,000",
24/01/2024,"10,000",
24/01/2024,"1,000",
24/01/2024,"10,000",
24/01/2024,"1,000",
29/01/2024,"10,000,000",
29/01/2024,240,
30/01/2024,500,
31/01/2024,"30,000",
31/01/2024,"1,000",
31/01/2024,"3,400",
31/01/2024,"20,000",
31/01/2024,"10,000",
31/01/2024,"42,000",
31/01/2024,"3,000",
01/02/2024,"75,000",
05/02/2024,"1,000",
05/02/2024,500,
06/02/2024,180,
06/02/2024,"800,000",
07/02/2024,"2,000",
07/02/2024,600,
07/02/2024,600,
08/02/2024,"5,000",
08/02/2024,240,
08/02/2024,"70,000",
08/02/2024,"200,000",
08/02/2024,300,
08/02/2024,400,
08/02/2024,"3,000",
08/02/2024,"1,000",
08/02/2024,"43,000",
12/02/2024,"12,000",
13/02/2024,"3,000",
13/02/2024,"30,000",
13/02/2024,"60,000",
19/02/2024,"50,000",
19/02/2024,"5,000",
22/02/2024,"70,000",
22/02/2024,"5,000",
23/02/2024,"110,000",
26/02/2024,"40,000",
28/02/2024,"100,000",
29/02/2024,"10,000",
01/03/2024,"1,000",
05/03/2024,"50,000",
06/03/2024,"25,000",
07/03/2024,"10,000",
07/03/2024,500,
07/03/2024,"20,000",
07/03/2024,"2,500",
12/03/2024,"20,000",
12/03/2024,"1,500",
15/03/2024,600,
15/03/2024,400,
15/03/2024,"10,000",
21/03/2024,300,
21/03/2024,"10,000",
21/03/2024,"10,000",
24/03/2024,"50,000",
25/03/2024,"30,000",
25/03/2024,"72,000",
02/04/2024,"56,000",
04/04/2024,"40,000",
05/04/2024,"1,700,000",
11/04/2024,"26,500",
11/04/2024,"24,000",
11/04/2024,"16,600",
11/04/2024,"13,300",
11/04/2024,"16,600",
11/04/2024,"18,600",
12/04/2024,500,
12/04/2024,"45,000",
12/04/2024,"40,000",
12/04/2024,"5,000",
12/04/2024,"20,000",
15/04/2024,"24,000",
15/04/2024,"20,000",
19/04/2024,"10,000",
22/04/2024,"3,200",
22/04/2024,"13,000",
22/04/2024,"20,000",
22/04/2024,"100,000",
23/04/2024,"5,000",
24/04/2024,600,
24/04/2024,500,
24/04/2024,500,
24/04/2024,"3,000",
24/04/2024,200,
24/04/2024,600,
25/04/2024,"1,000",
26/04/2024,600,
29/04/2024,"40,000",
30/04/2024,"18,000",
30/04/2024,,
30/04/2024,,
02/05/2024,,
07/05/2024,,
07/05/2024,"400,000",
07/05/2024,"23,000",
08/05/2024,180,
08/05/2024,"8,000",
09/05/2024,"1,000",
09/05/2024,"10,000",
09/05/2024,"1,000",
09/05/2024,"20,000",
09/05/2024,"50,000",
09/05/2024,"40,000",
09/05/2024,"3,000",
14/05/2024,"5,400",
16/05/2024,"6,300",
20/05/2024,"150,000",
22/05/2024,"30,000",
22/05/2024,"17,000",
23/05/2024,"3,000",
23/05/2024,"60,000",
23/05/2024,"1,000",
23/05/2024,"4,000",
23/05/2024,200,
24/05/2024,"40,000",
25/05/2024,"15,000,000",
25/05/2024,"2,700",
27/05/2024,"4,300",
27/05/2024,"2,000",
28/05/2024,"2,000",
28/05/2024,400,
30/05/2024,"3,200",
30/05/2024,"10,000,000",
31/05/2024,"8,000",
04/06/2024,"2,500,000",
05/06/2024,"25,000",
05/06/2024,"5,000",
05/06/2024,200,
05/06/2024,"1,000",
05/06/2024,300,
05/06/2024,"5,900",
05/06/2024,500,
06/06/2024,"2,000",
06/06/2024,"3,000",
06/06/2024,"6,000",
06/06/2024,"8,000",
06/06/2024,"2,300",
07/06/2024,"200,000",
10/06/2024,600,
10/06/2024,"5,000,000",
10/06/2024,"50,000",
12/06/2024,600,
13/06/2024,300,
13/06/2024,"6,100,000",
17/06/2024,"5,000",
17/06/2024,"2,000",
20/06/2024,"2,000",
20/06/2024,"2,000",
20/06/2024,"174,640",
20/06/2024,"1,200",
20/06/2024,"2,800,000",
24/06/2024,"2,000",
25/06/2024,2023,
25/06/2024,2023,
25/06/2024,2023,
25/06/2024,2023,
26/06/2024,2023,
26/06/2024,2023,
26/06/2024,2023,
27/06/2024,2023,
02/07/2024,2023,
04/07/2024,2023,
04/07/2024,2023,
05/07/2024,2023,
10/07/2024,2023,
10/07/2024,"800,000",
11/07/2024,"856,000",
15/07/2024,"5,000",
17/07/2024,"300,000",
17/07/2024,"36,000",
17/07/2024,"1,500",
18/07/2024,2023,
18/07/2024,"56,000",
22/07/2024,"200,000",
22/07/2024,"3,500",
06/08/2024,"10,000",
06/08/2024,"2,300",
06/08/2024,"24,000",
06/08/2024,"2,000",
12/08/2024,2023,
14/08/2024,"10,000",
16/08/2024,"5,500",
16/08/2024,"50,000",
20/08/2024,"326,000",
20/08/2024,"18,000",
22/08/2024,"40,000",
29/08/2024,"200,000",
29/08/2024,"5,000",
30/08/2024,"30,000",
02/09/2024,"175,000",
04/09/2024,"365,000",
04/09/2024,"18,000",
05/09/2024,"7,500",
06/09/2024,"45,000",
11/09/2024,"4,000",
12/09/2024,"100,000",
12/09/2024,"2,000",
12/09/2024,"160,000",
12/09/2024,"1,600",
13/09/2024,800,
13/09/2024,"5,100",
13/09/2024,"27,000",
16/09/2024,"48,000",
16/09/2024,2023,
17/09/2024,2023,
23/09/2024,2023,
23/09/2024,"2,000",
26/09/2024,"2,995,140",
26/09/2024,"1,800",
26/09/2024,"112,000",
26/09/2024,"6,400",
26/09/2024,"60,000",
27/09/2024,"10,000",
04/10/2024,400,
04/10/2024,"7,000",
04/10/2024,500,
16/10/2024,"200,000",
16/10/2024,"200,000",
17/10/2024,"1,200,000",
18/10/2024,"2,000",
18/10/2024,"2,000",
18/10/2024,"13,900,000",
21/10/2024,2023,
22/10/2024,2023,
23/10/2024,2023,
24/10/2024,2023,
28/10/2024,,
30/10/2024,"15,000",
31/10/2024,"20,000",
31/10/2024,"79,100,000",
31/10/2024,"500,000",
02/11/2024,"200,000",
04/11/2024,2023,
06/11/2024,2023,
07/11/2024,2023,
11/11/2024,500,
12/11/2024,500,
12/11/2024,"2,000",
13/11/2024,"1,000",
13/11/2024,"5,000",
13/11/2024,"8,700",
13/11/2024,"1,000",
13/11/2024,400,
13/11/2024,"2,000",
19/11/2024,"2,000",
20/11/2024,"1,000",
20/11/2024,"90,000",
20/11/2024,480,
22/11/2024,"1,600",
22/11/2024,210,
22/11/2024,"10,000",
26/11/2024,"1,200",
26/11/2024,"200,000",
27/11/2024,"20,000",
27/11/2024,"20,000",
03/12/2024,"2,400",
10/12/2024,"56,000",
11/12/2024,"25,000",
12/12/2024,"6,000",
12/12/2024,"12,000",
14/12/2024,"1,000",
14/12/2024,"360,000",
16/12/2024,"96,000",
17/12/2024,"100,000",
17/12/2024,"100,000",
17/12/2024,"5,000",
18/12/2024,"1,200",
18/12/2024,,
20/12/2024,,
23/12/2024,,
23/12/2024,,
23/12/2024,"2,000",
23/12/2024,"4,200",
23/12/2024,600,
23/12/2024,"6,000",
23/12/2024,"1,000",
03/01/2025,2023,
06/01/2025,2023,
10/01/2025,2023,
16/01/2025,2023,
16/01/2025,2023,
16/01/2025,2023,
17/01/2025,"10,000",
17/01/2025,"6,000",
17/01/2025,"3,000",
17/01/2025,"3,000",
17/01/2025,"5,000",
17/01/2025,"3,000",
17/01/2025,"10,000",
17/01/2025,"30,000",
17/01/2025,"100,000",
17/01/2025,300,
17/01/2025,"2,500",
17/01/2025,"75,000",
17/01/2025,"42,000",
17/01/2025,600,
17/01/2025,"1,500",
20/01/2025,"2,000",
21/01/2025,"3,000",
23/01/2025,"1,000",
27/01/2025,"1,300,000",
31/01/2025,"160,000",
03/02/2025,"120,000",
04/02/2025,"120,000",
04/02/2025,"6,419,631",
05/02/2025,"20,000",
05/02/2025,600,
05/02/2025,"150,000",
06/02/2025,"10,000",
10/02/2025,180,
11/02/2025,800,
14/02/2025,"3,000",
14/02/2025,"3,000",
17/02/2025,"3,500",
17/02/2025,"1,000",
20/02/2025,"3,000",
25/02/2025,600,
25/02/2025,500,
27/02/2025,"1,000",
03/03/2025,300,
04/03/2025,"80,000",
06/03/2025,"2,385,276",
07/03/2025,"50,000",
10/03/2025,"50,000",
10/03/2025,600,
11/03/2025,"200,000",
11/03/2025,600,
12/03/2025,"4,000",
13/03/2025,"4,500",
13/03/2025,400,
13/03/2025,"70,000",
13/03/2025,"8,400",
13/03/2025,"30,000",
13/03/2025,"6,900",
14/03/2025,"20,000",
14/03/2025,"1,500",
17/03/2025,"5,000",
17/03/2025,500,
20/03/2025,"20,000",
20/03/2025,300,
20/03/2025,"2,000",
21/03/2025,300,
24/03/2025,"1,000",
24/03/2025,"5,000",
24/03/2025,"6,000",
24/03/2025,"16,000",
24/03/2025,"5,000",
24/03/2025,"10,000",
24/03/2025,"15,000",
24/03/2025,"145,000",
24/03/2025,"10,000",
25/03/2025,"336,000",
26/03/2025,"10,000",
27/03/2025,"20,000",
27/03/2025,"270,000",
27/03/2025,"26,800",
28/03/2025,2023,
28/03/2025,300,
28/03/2025,2024,
28/03/2025,"4,000",
28/03/2025,2024,
30/03/2025,2024,
02/04/2025,2024,
03/04/2025,2024,
03/04/2025,2024,
04/04/2025,2024,
04/04/2025,2024,
09/04/2025,2024,
09/04/2025,"20,900",
10/04/2025,"19,800",
10/04/2025,"290,000,000",
10/04/2025,"30,500,000",
10/04/2025,"3,200,000",
10/04/2025,"698,000",
10/04/2025,300,
10/04/2025,"2,000",
10/04/2025,"1,400",
10/04/2025,"1,000",
11/04/2025,"3,000",
14/04/2025,"3,000",
14/04/2025,"940,000",
14/04/2025,"12,700",
14/04/2025,"50,000",
15/04/2025,"10,000",
15/04/2025,"91,000,000",
15/04/2025,"10,000",
15/04/2025,"4,000",
15/04/2025,600,
22/04/2025,"1,000",
22/04/2025,"4,500",
22/04/2025,"5,000",
22/04/2025,"9,200",
23/04/2025,"310,000,000",
24/04/2025,"3,000",
24/04/2025,"10,000",
24/04/2025,"5,000",
25/04/2025,"180,000",
28/04/2025,"900,000",
29/04/2025,"5,000",
29/04/2025,400,
29/04/2025,"8,000",
29/04/2025,"15,000",
29/04/2025,"1,000",
29/04/2025,"2,000",
29/04/2025,"3,000",
29/04/2025,"20,800",
29/04/2025,"80,000",
30/04/2025,"251,000,000",
02/05/2025,"5,800",
08/05/2025,600,
09/05/2025,"900,000",
09/05/2025,600,
09/05/2025,"200,000",
12/05/2025,"200,000",
13/05/2025,"358,000",
13/05/2025,"4,700",
14/05/2025,"6,900",
15/05/2025,"190,000",
15/05/2025,"35,700",
16/05/2025,"45,000",
16/05/2025,"15,000,000",
19/05/2025,"2,000",
19/05/2025,300,
19/05/2025,"12,000",
20/05/2025,"4,000",
21/05/2025,900,
21/05/2025,"15,000",
21/05/2025,"2,000",
21/05/2025,"5,000",
21/05/2025,"950,000",
22/05/2025,"4,750,000",
22/05/2025,"1,300,000",
23/05/2025,"40,000",
26/05/2025,"220,000",
27/05/2025,"1,000",
30/05/2025,900,
30/05/2025,500,
03/06/2025,"4,000,000",
04/06/2025,"3,000",
04/06/2025,"678,897",
05/06/2025,"40,000",
10/06/2025,"273,000",
12/06/2025,"892,783",
12/06/2025,"1,000",
13/06/2025,"200,000",
13/06/2025,"20,000",
16/06/2025,"2,500",
16/06/2025,"2,000",
18/06/2025,"2,000",
18/06/2025,"842,062",
18/06/2025,"100,000",
19/06/2025,"300,000",
20/06/2025,"200,000",
20/06/2025,"220,000",
23/06/2025,"5,000,000",
23/06/2025,"6,500,000",
23/06/2025,"15,000",
23/06/2025,"70,000",
24/06/2025,"5,000,000",
24/06/2025,"1,000,000",
24/06/2025,"16,000",
25/06/2025,"12,000",
25/06/2025,"88,000",
26/06/2025,"1,000,000",
26/06/2025,"1,200,000",
26/06/2025,"800,000",
26/06/2025,"5,000,000",
26/06/2025,"2,400,000",
30/06/2025,"600,000",
02/07/2025,"2,000",
04/07/2025,"9,000",
04/07/2025,600,
10/07/2025,"2,000",
10/07/2025,"400,000",
10/07/2025,"8,000",
10/07/2025,"80,000",
10/07/2025,"200,000",
10/07/2025,"76,000",
11/07/2025,"904,000",
11/07/2025,"400,000",
11/07/2025,"3,000,000",
16/07/2025,"3,500,000",
16/07/2025,"40,000",
16/07/2025,"525,000",
17/07/2025,"3,500,000",
17/07/2025,"3,500,000",
18/07/2025,"6,300,000",
18/07/2025,"200,000",
21/07/2025,"200,000",
21/07/2025,"70,300",
21/07/2025,"120,000",
23/07/2025,"500,000",
23/07/2025,"120,000",
23/07/2025,2024,
28/07/2025,2024,
04/08/2025,"120,000",
04/08/2025,"338,000",
04/08/2025,"600,000",
04/08/2025,"1,000,000",
04/08/2025,"12,000",
05/08/2025,"10,000",
06/08/2025,"8,000",
11/08/2025,"12,000",
12/08/2025,"12,000",
12/08/2025,"8,000",
12/08/2025,"72,000",
12/08/2025,"12,000",
14/08/2025,"530,000,000",
18/08/2025,"200,000",
22/08/2025,"1,600,000",
22/08/2025,"23,500",
25/08/2025,"17,600",
25/08/2025,"7,800",
26/08/2025,"13,400",
26/08/2025,"135,600",
29/08/2025,,
29/08/2025,"30,000",
31/08/2025,,
01/09/2025,"9,000",
01/09/2025,"9,000",
01/09/2025,"5,000",
01/09/2025,"9,200",
01/09/2025,"18,400",
02/09/2025,"6,700",
04/09/2025,,
04/09/2025,"34,300",
04/09/2025,"80,000",
05/09/2025,"40,000",
05/09/2025,"20,000",
08/09/2025,"4,000",
09/09/2025,"3,000",
11/09/2025,"12,000",
11/09/2025,"10,000",
11/09/2025,"900,000",
11/09/2025,"5,000,000",
11/09/2025,"50,000",
11/09/2025,"20,000",
11/09/2025,"6,000",
12/09/2025,"175,000",
17/09/2025,"250,000",
17/09/2025,"150,000",
18/09/2025,"3,500",
18/09/2025,360,
22/09/2025,600,
23/09/2025,"3,000",
25/09/2025,"6,000",
25/09/2025,600,
25/09/2025,"1,200",
25/09/2025,"1,200",
25/09/2025,"12,000",
25/09/2025,"1,200",
25/09/2025,600,
25/09/2025,2024,
25/09/2025,"80,000",
29/09/2025,2024,
30/09/2025,2024,
30/09/2025,2024,
03/10/2025,2024,
09/10/2025,2024,
09/10/2025,2024,
09/10/2025,2024,
09/10/2025,2024,
09/10/2025,"6,600",
13/10/2025,"6,600",
15/10/2025,"120,000",
15/10/2025,"1,000",
16/10/2025,"4,800",
16/10/2025,500,
20/10/2025,"2,000",
22/10/2025,2025,
22/10/2025,"1,100,000",
23/10/2025,"30,000",
23/10/2025,"100,000",
23/10/2025,"5,000",
23/10/2025,"12,000",
23/10/2025,"21,600",
23/10/2025,"4,000",
23/10/2025,"6,600",
23/10/2025,"3,200,000",
27/10/2025,"2,700,000",
28/10/2025,"550,000",
28/10/2025,"22,000",
05/11/2025,"10,000",
06/11/2025,"3,000,000",
07/11/2025,"850,000",
07/11/2025,"15,000",
10/11/2025,"2,000",
12/11/2025,"20,000",
13/11/2025,"40,000",
13/11/2025,"2,000",
14/11/2025,"1,500",
15/11/2025,"50,000",
17/11/2025,"3,000",
18/11/2025,"4,000",
19/11/2025,"15,000",
19/11/2025,"8,000",
19/11/2025,"5,000",
19/11/2025,"4,000",
20/11/2025,"8,000",
20/11/2025,"2,000",
23/11/2025,"18,000",
24/11/2025,"40,000",
26/11/2025,"2,000",
27/11/2025,"6,800",
27/11/2025,"6,800",
27/11/2025,"420,000",
27/11/2025,"45,000",
27/11/2025,"125,000",
28/11/2025,"2,000",
01/12/2025,"40,000",
01/12/2025,"15,000",
04/12/2025,"15,000",
08/12/2025,"10,000",
10/12/2025,"5,000",
11/12/2025,"3,000",
15/12/2025,"3,000",
20/12/2025,"2,000",
20/12/2025,"1,000",
20/12/2025,"10,000",
20/12/2025,"20,000",
22/12/2025,"2,000",
22/12/2025,"1,000",
23/12/2025,"5,000",
29/12/2025,"4,000",
29/12/2025,"2,000",
30/12/2025,"1,000",
08/01/2026,"25,000",
08/01/2026,"3,000",
08/01/2026,"5,000",
09/01/2026,"15,000",
13/01/2026,"2,000",
19/01/2026,"1,000",
2024-03-021,"2,000",
,"10,000",
,"6,000",
,"1,000",
,"5,000",
,"2,000",
,"2,000",
,"2,000",
,"5,000",
,"5,000",
,"12,000",
,"1,000",
,"5,000",
,200,
,"1,000",
,"3,000",
,"25,000",
,"3,000",
,"3,000",
,"50,000",
,"3,500",
,"15,600",
,"16,000",
,"100,000",
,"30,000",
,"200,000",
,360,
,"200,000",
,"60,000",
,"1,380,000",
,"42,000",
,"21,000",
,"18,000",
,540,
,"3,000",
,"12,000",
,"24,000",
,"42,000",
,"96,000",
,900,
,"6,000",
,"7,000",
,"100,000",
,"7,000",
,"21,000",
,"10,000",
,"4,000",
,"5,000",
,"3,955,000",
,"43,000",
,"32,000",
,"5,400",
,"180,000",
,"2,300",
,"357,000",
,"4,400",
,"7,700",
,"20,725",
,"80,000",
,"50,000",
,"500,000",
,"15,200",
,"100,000",
,"1,500,000",
,"5,000",
,"20,000",
,"1,200",
,"40,000",
,"1,000",
,"3,000",
,"29,500",
,"40,000",
,"3,500",
,"3,000",
,"3,000",
,"8,340",
,"9,420",
,"10,070",
,"11,830",
,"12,910",
,"11,430",
,"11,430",
,"11,430",
,"26,710",
,"26,710",
,400,
,400,
,"4,800",
,"1,200",
,,
,400,
,"2,000",
,"1,600",
,"2,000",
,"8,800",
,"8,800",
,"8,100",
,"2,000",
,"2,000",
,800,
,"2,000",
,200,
,"2,000",
,"2,000",
,"3,200",
,"1,200",
,"2,000",
,400,
,"2,000",
,400,
,"12,030",
,"2,000",
,800,
,"1,200",
,"1,000",
,400,
,400,
,"1,200",
,"1,040",
,"20,050",
,"3,810",
,400,
,"3,570",
,800,
,"1,560",
,200,
,"4,010",
,600,
,"10,000",
,"260,000",
,2024,
,"4,323,250",
,"10,000",
,"200,000",
,"1,200",
,"1,100",
,"1,000",
,"4,800",
,"1,600",
,"66,000",
,"42,000",
,"6,000",
,"18,000",
,"1,800",
,"5,400",
,300,
,"10,000",
,"10,000",
,"3,000",
,"3,000,000",
,"9,700",
,"8,000",
,"4,000",
,"200,000,000",
,"125,000,000",
,"150,000,000",
,"2,400",
,"1,200",
,"1,200",
,770,
,"2,000",
,"10,000",
,"10,000",
,"5,000",
,"1,800,000",
,"500,000",
,"180,000",
,"1,000",
,"100,000",
,"550,000",
,"40,000",
,"20,000",
,"2,000",
,"12,800",
,"1,020",
,"1,020",
,230,
,"3,000",
,600,
,"80,000",
,"12,000",
,"20,000",
,"200,900",
,"492,000",
,"195,000",
,840,
,"25,000",
,"5,000",
,"2,670",
,"9,180,000",
,"6,880,000",
,"12,000",
,"8,000",
,"6,000",
,2024,
,2024,
,2024,
,"2,000",
,"5,000",
,"2,700,000",
,"1,500,000",
,"2,000",
,"6,000",
,"18,000",
,"1,000",
,"1,500,000",
,"9,450",
,"865,000",
,"3,000",
,"150,000",
,"7,000",
,"2,000",
,"9,000",
,"10,000",
,"32,000",
,"15,000",
,"3,960",
,"35,000",
,"1,000",
,"6,000",
,"16,000",
,"300,000",
,"4,000",
,"8,000",
,"2,000",
,"80,000",
,"30,000",
,"10,000",
,"4,500,000",
,870,
,"7,000",
,"5,000",
,"80,000",
,"6,000",
,"3,000",
,"4,000",
,"2,000",
,"5,000",
,"1,500,000",
,"40,000",
,"1,000",
,,
,"750,000",
,"3,000",
,"2,000",
,"1,000",
,"15,000",
,"1,000",
,"6,000",
,"20,000",
,"15,000",
,"6,000",
,750,
,"10,043,002",
,"2,400",
,"2,000",
,800,
,"60,000",
,"5,000",
,"1,560,000",
,"3,600",
,"3,600",
,"15,000",
,"1,400,000",
,"40,000",
,"400,000",
,600,
,"33,500",
,"300,000",
,"1,700,000",
,"6,200",
,"175,000",
,"4,750",
,"18,500",
,"2,000",
,"10,000",
,"2,000",
,300,
,"6,000",
,"32,000",
,600,
,"500,000",
,"1,600",
,"2,000",
,"27,000,000",
,"15,000,000",
,"1,000,000",
,"8,000",
,"15,000",
